temp_range,avg_rentals
High,263.83394777265744
Low,77.34180299338671
Medium,169.19922461230615
